{
  "MAE": 13.850099456014467,
  "MAPE": 6.320530012437334,
  "n_valid": 60
}